{
  "$schema": "http://json-schema.org/draft-07/schema",
  "$id": "rpc.segment.statement",
  "type": "object",
  "required": [
    "jsonrpc",
    "method",
    "id",
    "params"
  ],
  "properties": {
    "jsonrpc": {
      "enum": [
        "2.0"
      ]
    },
    "method": {
      "enum": [
        "segment.statement"
      ]
    },
    "id": {
      "type": "string"
    },
    "params": {
      "$id": "#/items/anyOf/0/properties/params",
      "type": "object",
      "properties": {
        "statementId": {
          "$id": "statementId",
          "type": "string"
        }
      },
      "required": [
        "statementId"
      ]
    }
  }
}
